     shots,    errors,  discards, seconds,decoder,strong_id,json_metadata,custom_counts
       100,         0,         0,   0.071,bposd,0303a22be9c90e4634d6ed94e1115e4012a95cd8a1b9979245877e9feaf1effc,"{""d"":5,""p"":0.001,""rounds"":5}",
       100,         0,         0,   0.071,belief_find,f90f70d60fa9beeee341f8969140c3901765bb9acc52e3d3c95e57a888f45f5e,"{""d"":5,""p"":0.001,""rounds"":5}",
       100,         0,         0,   0.091,bplsd,3b2569d9ff63647da56695e66b884acaa0452b670b0fbc9c1122560d2d340c8f,"{""d"":5,""p"":0.001,""rounds"":5}",
       200,         0,         0,   0.049,bposd,0303a22be9c90e4634d6ed94e1115e4012a95cd8a1b9979245877e9feaf1effc,"{""d"":5,""p"":0.001,""rounds"":5}",
       100,         0,         0,   0.072,bposd,a6afccb7294493f5ebb587a4c0f1846a65cb089d9735ad505939fff73351089c,"{""d"":5,""p"":0.003,""rounds"":5}",
       100,         0,         0,   0.046,bposd,0303a22be9c90e4634d6ed94e1115e4012a95cd8a1b9979245877e9feaf1effc,"{""d"":5,""p"":0.001,""rounds"":5}",
       200,         0,         0,   0.107,bposd,0303a22be9c90e4634d6ed94e1115e4012a95cd8a1b9979245877e9feaf1effc,"{""d"":5,""p"":0.001,""rounds"":5}",
       100,         0,         0,   0.209,bplsd,61cf5320c039e179cdd7a92e66e98f692928376cd8fed7c741e84cd32173b318,"{""d"":7,""p"":0.001,""rounds"":7}",
       100,         0,         0,   0.232,belief_find,ea71f1193f8060a70b018df6e25b44c84bee3e8b38deddf3cc40d5df8e7a72af,"{""d"":7,""p"":0.001,""rounds"":7}",
       100,         0,         0,   0.255,bposd,0e10ed2d206f476850b002e6e2c1e74f86e5ab874b0fb9cb7b34979d21f7660d,"{""d"":7,""p"":0.001,""rounds"":7}",
       600,         1,         0,   0.169,bposd,0303a22be9c90e4634d6ed94e1115e4012a95cd8a1b9979245877e9feaf1effc,"{""d"":5,""p"":0.001,""rounds"":5}",
       600,         0,         0,   0.141,bposd,0303a22be9c90e4634d6ed94e1115e4012a95cd8a1b9979245877e9feaf1effc,"{""d"":5,""p"":0.001,""rounds"":5}",
       100,         0,         0,   0.047,belief_find,f90f70d60fa9beeee341f8969140c3901765bb9acc52e3d3c95e57a888f45f5e,"{""d"":5,""p"":0.001,""rounds"":5}",
       200,         0,         0,   0.061,belief_find,f90f70d60fa9beeee341f8969140c3901765bb9acc52e3d3c95e57a888f45f5e,"{""d"":5,""p"":0.001,""rounds"":5}",
       600,         1,         0,   0.202,bposd,0303a22be9c90e4634d6ed94e1115e4012a95cd8a1b9979245877e9feaf1effc,"{""d"":5,""p"":0.001,""rounds"":5}",
       200,         0,         0,   0.103,belief_find,f90f70d60fa9beeee341f8969140c3901765bb9acc52e3d3c95e57a888f45f5e,"{""d"":5,""p"":0.001,""rounds"":5}",
      1200,         1,         0,   0.264,bposd,0303a22be9c90e4634d6ed94e1115e4012a95cd8a1b9979245877e9feaf1effc,"{""d"":5,""p"":0.001,""rounds"":5}",
       100,         0,         0,   0.447,bplsd,b75c6f6396c303e75b4e5113625bad117d8caaab169058ff471323856a05796c,"{""d"":9,""p"":0.001,""rounds"":9}",
      1200,         0,         0,   0.271,bposd,0303a22be9c90e4634d6ed94e1115e4012a95cd8a1b9979245877e9feaf1effc,"{""d"":5,""p"":0.001,""rounds"":5}",
       800,         0,         0,   0.268,belief_find,f90f70d60fa9beeee341f8969140c3901765bb9acc52e3d3c95e57a888f45f5e,"{""d"":5,""p"":0.001,""rounds"":5}",
       200,         0,         0,   0.088,bplsd,3b2569d9ff63647da56695e66b884acaa0452b670b0fbc9c1122560d2d340c8f,"{""d"":5,""p"":0.001,""rounds"":5}",
       100,         0,         0,   0.650,belief_find,a5078030d4bf4132a97b02357d99db68c75cfb610d8e5dcef182dd937faf6044,"{""d"":9,""p"":0.001,""rounds"":9}",
      1200,         1,         0,   0.380,belief_find,f90f70d60fa9beeee341f8969140c3901765bb9acc52e3d3c95e57a888f45f5e,"{""d"":5,""p"":0.001,""rounds"":5}",
       100,         0,         0,   0.711,bposd,a7aa4615be3f2b481539401ad605f48e4732cfd3127e391afc9e04b5c3a53649,"{""d"":9,""p"":0.001,""rounds"":9}",
      1000,         0,         0,   0.329,belief_find,f90f70d60fa9beeee341f8969140c3901765bb9acc52e3d3c95e57a888f45f5e,"{""d"":5,""p"":0.001,""rounds"":5}",
      2400,         0,         0,   0.567,bposd,0303a22be9c90e4634d6ed94e1115e4012a95cd8a1b9979245877e9feaf1effc,"{""d"":5,""p"":0.001,""rounds"":5}",
       600,         0,         0,   0.200,bplsd,3b2569d9ff63647da56695e66b884acaa0452b670b0fbc9c1122560d2d340c8f,"{""d"":5,""p"":0.001,""rounds"":5}",
       600,         0,         0,   0.185,bplsd,3b2569d9ff63647da56695e66b884acaa0452b670b0fbc9c1122560d2d340c8f,"{""d"":5,""p"":0.001,""rounds"":5}",
      3600,         0,         0,   0.817,bposd,0303a22be9c90e4634d6ed94e1115e4012a95cd8a1b9979245877e9feaf1effc,"{""d"":5,""p"":0.001,""rounds"":5}",
      3600,         3,         0,   0.908,bposd,0303a22be9c90e4634d6ed94e1115e4012a95cd8a1b9979245877e9feaf1effc,"{""d"":5,""p"":0.001,""rounds"":5}",
      2000,         0,         0,   0.593,belief_find,f90f70d60fa9beeee341f8969140c3901765bb9acc52e3d3c95e57a888f45f5e,"{""d"":5,""p"":0.001,""rounds"":5}",
      2000,         2,         0,   0.579,belief_find,f90f70d60fa9beeee341f8969140c3901765bb9acc52e3d3c95e57a888f45f5e,"{""d"":5,""p"":0.001,""rounds"":5}",
      1800,         0,         0,   0.471,bplsd,3b2569d9ff63647da56695e66b884acaa0452b670b0fbc9c1122560d2d340c8f,"{""d"":5,""p"":0.001,""rounds"":5}",
      2800,         1,         0,   0.850,belief_find,f90f70d60fa9beeee341f8969140c3901765bb9acc52e3d3c95e57a888f45f5e,"{""d"":5,""p"":0.001,""rounds"":5}",
       100,         0,         0,   0.208,bposd,0e10ed2d206f476850b002e6e2c1e74f86e5ab874b0fb9cb7b34979d21f7660d,"{""d"":7,""p"":0.001,""rounds"":7}",
       200,         0,         0,   0.409,bposd,0e10ed2d206f476850b002e6e2c1e74f86e5ab874b0fb9cb7b34979d21f7660d,"{""d"":7,""p"":0.001,""rounds"":7}",
       200,         0,         0,   0.368,bposd,0e10ed2d206f476850b002e6e2c1e74f86e5ab874b0fb9cb7b34979d21f7660d,"{""d"":7,""p"":0.001,""rounds"":7}",
      5600,         2,         0,    1.29,bposd,0303a22be9c90e4634d6ed94e1115e4012a95cd8a1b9979245877e9feaf1effc,"{""d"":5,""p"":0.001,""rounds"":5}",
      2700,         0,         0,   0.658,bplsd,3b2569d9ff63647da56695e66b884acaa0452b670b0fbc9c1122560d2d340c8f,"{""d"":5,""p"":0.001,""rounds"":5}",
      3000,         0,         0,   0.750,bplsd,3b2569d9ff63647da56695e66b884acaa0452b670b0fbc9c1122560d2d340c8f,"{""d"":5,""p"":0.001,""rounds"":5}",
       200,         0,         0,   0.095,bplsd,3b2569d9ff63647da56695e66b884acaa0452b670b0fbc9c1122560d2d340c8f,"{""d"":5,""p"":0.001,""rounds"":5}",
      4400,         2,         0,    1.21,belief_find,f90f70d60fa9beeee341f8969140c3901765bb9acc52e3d3c95e57a888f45f5e,"{""d"":5,""p"":0.001,""rounds"":5}",
      5200,         1,         0,    1.47,belief_find,f90f70d60fa9beeee341f8969140c3901765bb9acc52e3d3c95e57a888f45f5e,"{""d"":5,""p"":0.001,""rounds"":5}",
       200,         0,         0,   0.371,belief_find,ea71f1193f8060a70b018df6e25b44c84bee3e8b38deddf3cc40d5df8e7a72af,"{""d"":7,""p"":0.001,""rounds"":7}",
       200,         0,         0,   0.341,belief_find,ea71f1193f8060a70b018df6e25b44c84bee3e8b38deddf3cc40d5df8e7a72af,"{""d"":7,""p"":0.001,""rounds"":7}",
       400,         0,         0,   0.737,bposd,0e10ed2d206f476850b002e6e2c1e74f86e5ab874b0fb9cb7b34979d21f7660d,"{""d"":7,""p"":0.001,""rounds"":7}",
       100,         0,         0,   0.236,belief_find,ea71f1193f8060a70b018df6e25b44c84bee3e8b38deddf3cc40d5df8e7a72af,"{""d"":7,""p"":0.001,""rounds"":7}",
      4200,         3,         0,   0.980,bplsd,3b2569d9ff63647da56695e66b884acaa0452b670b0fbc9c1122560d2d340c8f,"{""d"":5,""p"":0.001,""rounds"":5}",
       200,         0,         0,   0.289,bplsd,61cf5320c039e179cdd7a92e66e98f692928376cd8fed7c741e84cd32173b318,"{""d"":7,""p"":0.001,""rounds"":7}",
       600,         0,         0,   0.876,bposd,0e10ed2d206f476850b002e6e2c1e74f86e5ab874b0fb9cb7b34979d21f7660d,"{""d"":7,""p"":0.001,""rounds"":7}",
       800,         0,         0,    1.09,bposd,0e10ed2d206f476850b002e6e2c1e74f86e5ab874b0fb9cb7b34979d21f7660d,"{""d"":7,""p"":0.001,""rounds"":7}",
       200,         0,         0,   0.340,belief_find,ea71f1193f8060a70b018df6e25b44c84bee3e8b38deddf3cc40d5df8e7a72af,"{""d"":7,""p"":0.001,""rounds"":7}",
       400,         1,         0,   0.587,bposd,0e10ed2d206f476850b002e6e2c1e74f86e5ab874b0fb9cb7b34979d21f7660d,"{""d"":7,""p"":0.001,""rounds"":7}",
      6600,         6,         0,    1.56,bplsd,3b2569d9ff63647da56695e66b884acaa0452b670b0fbc9c1122560d2d340c8f,"{""d"":5,""p"":0.001,""rounds"":5}",
       600,         1,         0,   0.849,belief_find,ea71f1193f8060a70b018df6e25b44c84bee3e8b38deddf3cc40d5df8e7a72af,"{""d"":7,""p"":0.001,""rounds"":7}",
      1200,         0,         0,    1.60,bposd,0e10ed2d206f476850b002e6e2c1e74f86e5ab874b0fb9cb7b34979d21f7660d,"{""d"":7,""p"":0.001,""rounds"":7}",
       400,         0,         0,   0.632,bposd,0e10ed2d206f476850b002e6e2c1e74f86e5ab874b0fb9cb7b34979d21f7660d,"{""d"":7,""p"":0.001,""rounds"":7}",
      1000,         0,         0,    1.36,belief_find,ea71f1193f8060a70b018df6e25b44c84bee3e8b38deddf3cc40d5df8e7a72af,"{""d"":7,""p"":0.001,""rounds"":7}",
      1200,         1,         0,    1.59,belief_find,ea71f1193f8060a70b018df6e25b44c84bee3e8b38deddf3cc40d5df8e7a72af,"{""d"":7,""p"":0.001,""rounds"":7}",
       800,         0,         0,    1.04,belief_find,ea71f1193f8060a70b018df6e25b44c84bee3e8b38deddf3cc40d5df8e7a72af,"{""d"":7,""p"":0.001,""rounds"":7}",
      1200,         0,         0,    1.60,belief_find,ea71f1193f8060a70b018df6e25b44c84bee3e8b38deddf3cc40d5df8e7a72af,"{""d"":7,""p"":0.001,""rounds"":7}",
      2000,         0,         0,    2.78,bposd,0e10ed2d206f476850b002e6e2c1e74f86e5ab874b0fb9cb7b34979d21f7660d,"{""d"":7,""p"":0.001,""rounds"":7}",
       600,         0,         0,   0.591,bplsd,61cf5320c039e179cdd7a92e66e98f692928376cd8fed7c741e84cd32173b318,"{""d"":7,""p"":0.001,""rounds"":7}",
       600,         0,         0,   0.622,bplsd,61cf5320c039e179cdd7a92e66e98f692928376cd8fed7c741e84cd32173b318,"{""d"":7,""p"":0.001,""rounds"":7}",
       300,         0,         0,   0.393,bplsd,61cf5320c039e179cdd7a92e66e98f692928376cd8fed7c741e84cd32173b318,"{""d"":7,""p"":0.001,""rounds"":7}",
      2400,         0,         0,    3.24,bposd,0e10ed2d206f476850b002e6e2c1e74f86e5ab874b0fb9cb7b34979d21f7660d,"{""d"":7,""p"":0.001,""rounds"":7}",
      2800,         1,         0,    3.41,belief_find,ea71f1193f8060a70b018df6e25b44c84bee3e8b38deddf3cc40d5df8e7a72af,"{""d"":7,""p"":0.001,""rounds"":7}",
      1800,         0,         0,    1.52,bplsd,61cf5320c039e179cdd7a92e66e98f692928376cd8fed7c741e84cd32173b318,"{""d"":7,""p"":0.001,""rounds"":7}",
       600,         2,         0,   0.616,bplsd,61cf5320c039e179cdd7a92e66e98f692928376cd8fed7c741e84cd32173b318,"{""d"":7,""p"":0.001,""rounds"":7}",
      3200,         0,         0,    4.24,bposd,0e10ed2d206f476850b002e6e2c1e74f86e5ab874b0fb9cb7b34979d21f7660d,"{""d"":7,""p"":0.001,""rounds"":7}",
      3200,         0,         0,    4.29,bposd,0e10ed2d206f476850b002e6e2c1e74f86e5ab874b0fb9cb7b34979d21f7660d,"{""d"":7,""p"":0.001,""rounds"":7}",
       200,         0,         0,    1.12,bposd,a7aa4615be3f2b481539401ad605f48e4732cfd3127e391afc9e04b5c3a53649,"{""d"":9,""p"":0.001,""rounds"":9}",
      3000,         0,         0,    2.65,bplsd,61cf5320c039e179cdd7a92e66e98f692928376cd8fed7c741e84cd32173b318,"{""d"":7,""p"":0.001,""rounds"":7}",
       200,         0,         0,    1.08,bposd,a7aa4615be3f2b481539401ad605f48e4732cfd3127e391afc9e04b5c3a53649,"{""d"":9,""p"":0.001,""rounds"":9}",
       100,         0,         0,   0.737,bposd,a7aa4615be3f2b481539401ad605f48e4732cfd3127e391afc9e04b5c3a53649,"{""d"":9,""p"":0.001,""rounds"":9}",
      2000,         0,         0,    1.67,bplsd,61cf5320c039e179cdd7a92e66e98f692928376cd8fed7c741e84cd32173b318,"{""d"":7,""p"":0.001,""rounds"":7}",
      3600,         0,         0,    3.13,bplsd,61cf5320c039e179cdd7a92e66e98f692928376cd8fed7c741e84cd32173b318,"{""d"":7,""p"":0.001,""rounds"":7}",
      4800,         0,         0,    6.49,bposd,0e10ed2d206f476850b002e6e2c1e74f86e5ab874b0fb9cb7b34979d21f7660d,"{""d"":7,""p"":0.001,""rounds"":7}",
       200,         0,         0,   0.957,belief_find,a5078030d4bf4132a97b02357d99db68c75cfb610d8e5dcef182dd937faf6044,"{""d"":9,""p"":0.001,""rounds"":9}",
      4800,         1,         0,    5.96,belief_find,ea71f1193f8060a70b018df6e25b44c84bee3e8b38deddf3cc40d5df8e7a72af,"{""d"":7,""p"":0.001,""rounds"":7}",
       200,         0,         0,    1.00,belief_find,a5078030d4bf4132a97b02357d99db68c75cfb610d8e5dcef182dd937faf6044,"{""d"":9,""p"":0.001,""rounds"":9}",
       100,         0,         0,   0.731,belief_find,a5078030d4bf4132a97b02357d99db68c75cfb610d8e5dcef182dd937faf6044,"{""d"":9,""p"":0.001,""rounds"":9}",
       600,         0,         0,    2.92,bposd,a7aa4615be3f2b481539401ad605f48e4732cfd3127e391afc9e04b5c3a53649,"{""d"":9,""p"":0.001,""rounds"":9}",
       600,         0,         0,    3.00,bposd,a7aa4615be3f2b481539401ad605f48e4732cfd3127e391afc9e04b5c3a53649,"{""d"":9,""p"":0.001,""rounds"":9}",
       600,         0,         0,    2.65,belief_find,a5078030d4bf4132a97b02357d99db68c75cfb610d8e5dcef182dd937faf6044,"{""d"":9,""p"":0.001,""rounds"":9}",
       800,         0,         0,    3.75,bposd,a7aa4615be3f2b481539401ad605f48e4732cfd3127e391afc9e04b5c3a53649,"{""d"":9,""p"":0.001,""rounds"":9}",
       600,         0,         0,    2.62,belief_find,a5078030d4bf4132a97b02357d99db68c75cfb610d8e5dcef182dd937faf6044,"{""d"":9,""p"":0.001,""rounds"":9}",
      1000,         0,         0,    4.48,bposd,a7aa4615be3f2b481539401ad605f48e4732cfd3127e391afc9e04b5c3a53649,"{""d"":9,""p"":0.001,""rounds"":9}",
      6800,         1,         0,    8.55,belief_find,ea71f1193f8060a70b018df6e25b44c84bee3e8b38deddf3cc40d5df8e7a72af,"{""d"":7,""p"":0.001,""rounds"":7}",
      7200,         1,         0,    6.11,bplsd,61cf5320c039e179cdd7a92e66e98f692928376cd8fed7c741e84cd32173b318,"{""d"":7,""p"":0.001,""rounds"":7}",
       800,         0,         0,    3.33,belief_find,a5078030d4bf4132a97b02357d99db68c75cfb610d8e5dcef182dd937faf6044,"{""d"":9,""p"":0.001,""rounds"":9}",
       200,         0,         0,   0.606,bplsd,b75c6f6396c303e75b4e5113625bad117d8caaab169058ff471323856a05796c,"{""d"":9,""p"":0.001,""rounds"":9}",
      1000,         0,         0,    4.11,belief_find,a5078030d4bf4132a97b02357d99db68c75cfb610d8e5dcef182dd937faf6044,"{""d"":9,""p"":0.001,""rounds"":9}",
       600,         0,         0,    1.49,bplsd,b75c6f6396c303e75b4e5113625bad117d8caaab169058ff471323856a05796c,"{""d"":9,""p"":0.001,""rounds"":9}",
      1200,         0,         0,    5.41,bposd,a7aa4615be3f2b481539401ad605f48e4732cfd3127e391afc9e04b5c3a53649,"{""d"":9,""p"":0.001,""rounds"":9}",
      1800,         0,         0,    3.92,bplsd,b75c6f6396c303e75b4e5113625bad117d8caaab169058ff471323856a05796c,"{""d"":9,""p"":0.001,""rounds"":9}",
      2400,         0,         0,    10.8,bposd,a7aa4615be3f2b481539401ad605f48e4732cfd3127e391afc9e04b5c3a53649,"{""d"":9,""p"":0.001,""rounds"":9}",
      1800,         0,         0,    3.98,bplsd,b75c6f6396c303e75b4e5113625bad117d8caaab169058ff471323856a05796c,"{""d"":9,""p"":0.001,""rounds"":9}",
      3600,         0,         0,    13.9,belief_find,a5078030d4bf4132a97b02357d99db68c75cfb610d8e5dcef182dd937faf6044,"{""d"":9,""p"":0.001,""rounds"":9}",
       200,         1,         0,   0.159,bposd,a6afccb7294493f5ebb587a4c0f1846a65cb089d9735ad505939fff73351089c,"{""d"":5,""p"":0.003,""rounds"":5}",
      3600,         1,         0,    13.9,belief_find,a5078030d4bf4132a97b02357d99db68c75cfb610d8e5dcef182dd937faf6044,"{""d"":9,""p"":0.001,""rounds"":9}",
       600,         0,         0,   0.343,bposd,a6afccb7294493f5ebb587a4c0f1846a65cb089d9735ad505939fff73351089c,"{""d"":5,""p"":0.003,""rounds"":5}",
       600,         0,         0,   0.364,bposd,a6afccb7294493f5ebb587a4c0f1846a65cb089d9735ad505939fff73351089c,"{""d"":5,""p"":0.003,""rounds"":5}",
      3600,         0,         0,    16.3,bposd,a7aa4615be3f2b481539401ad605f48e4732cfd3127e391afc9e04b5c3a53649,"{""d"":9,""p"":0.001,""rounds"":9}",
      1800,        11,         0,   0.890,bposd,a6afccb7294493f5ebb587a4c0f1846a65cb089d9735ad505939fff73351089c,"{""d"":5,""p"":0.003,""rounds"":5}",
      3000,        14,         0,    1.61,bposd,a6afccb7294493f5ebb587a4c0f1846a65cb089d9735ad505939fff73351089c,"{""d"":5,""p"":0.003,""rounds"":5}",
      2700,        11,         0,    1.57,bposd,a6afccb7294493f5ebb587a4c0f1846a65cb089d9735ad505939fff73351089c,"{""d"":5,""p"":0.003,""rounds"":5}",
       100,         0,         0,   0.103,belief_find,1c5757a5030537229bbf1bcb5abad20e3bfbddec3ebdad0f7fffe62a6461ce23,"{""d"":5,""p"":0.003,""rounds"":5}",
       200,         1,         0,   0.169,belief_find,1c5757a5030537229bbf1bcb5abad20e3bfbddec3ebdad0f7fffe62a6461ce23,"{""d"":5,""p"":0.003,""rounds"":5}",
       600,         4,         0,   0.435,belief_find,1c5757a5030537229bbf1bcb5abad20e3bfbddec3ebdad0f7fffe62a6461ce23,"{""d"":5,""p"":0.003,""rounds"":5}",
      1800,         9,         0,    1.21,belief_find,1c5757a5030537229bbf1bcb5abad20e3bfbddec3ebdad0f7fffe62a6461ce23,"{""d"":5,""p"":0.003,""rounds"":5}",
      5400,         1,         0,    11.9,bplsd,b75c6f6396c303e75b4e5113625bad117d8caaab169058ff471323856a05796c,"{""d"":9,""p"":0.001,""rounds"":9}",
      4400,        31,         0,    2.75,bposd,a6afccb7294493f5ebb587a4c0f1846a65cb089d9735ad505939fff73351089c,"{""d"":5,""p"":0.003,""rounds"":5}",
      4400,         0,         0,    17.6,belief_find,a5078030d4bf4132a97b02357d99db68c75cfb610d8e5dcef182dd937faf6044,"{""d"":9,""p"":0.001,""rounds"":9}",
       100,         0,         0,   0.100,bplsd,948490da94008bd3bbc08311f4b39bad2a1f35c740c76f62ea71c6e010fb2283,"{""d"":5,""p"":0.003,""rounds"":5}",
      6600,        33,         0,    3.97,bposd,a6afccb7294493f5ebb587a4c0f1846a65cb089d9735ad505939fff73351089c,"{""d"":5,""p"":0.003,""rounds"":5}",
       200,         0,         0,   0.121,bplsd,948490da94008bd3bbc08311f4b39bad2a1f35c740c76f62ea71c6e010fb2283,"{""d"":5,""p"":0.003,""rounds"":5}",
       200,         0,         0,   0.110,bplsd,948490da94008bd3bbc08311f4b39bad2a1f35c740c76f62ea71c6e010fb2283,"{""d"":5,""p"":0.003,""rounds"":5}",
       600,         5,         0,   0.254,bplsd,948490da94008bd3bbc08311f4b39bad2a1f35c740c76f62ea71c6e010fb2283,"{""d"":5,""p"":0.003,""rounds"":5}",
      4700,         0,         0,    10.6,bplsd,b75c6f6396c303e75b4e5113625bad117d8caaab169058ff471323856a05796c,"{""d"":9,""p"":0.001,""rounds"":9}",
      1000,         9,         0,   0.421,bplsd,948490da94008bd3bbc08311f4b39bad2a1f35c740c76f62ea71c6e010fb2283,"{""d"":5,""p"":0.003,""rounds"":5}",
      4800,         0,         0,    19.1,belief_find,a5078030d4bf4132a97b02357d99db68c75cfb610d8e5dcef182dd937faf6044,"{""d"":9,""p"":0.001,""rounds"":9}",
      2200,        16,         0,   0.885,bplsd,948490da94008bd3bbc08311f4b39bad2a1f35c740c76f62ea71c6e010fb2283,"{""d"":5,""p"":0.003,""rounds"":5}",
      2200,        14,         0,   0.851,bplsd,948490da94008bd3bbc08311f4b39bad2a1f35c740c76f62ea71c6e010fb2283,"{""d"":5,""p"":0.003,""rounds"":5}",
      2700,        16,         0,    1.73,belief_find,1c5757a5030537229bbf1bcb5abad20e3bfbddec3ebdad0f7fffe62a6461ce23,"{""d"":5,""p"":0.003,""rounds"":5}",
      1900,        11,         0,   0.696,bplsd,948490da94008bd3bbc08311f4b39bad2a1f35c740c76f62ea71c6e010fb2283,"{""d"":5,""p"":0.003,""rounds"":5}",
       590,         3,         0,   0.248,bplsd,948490da94008bd3bbc08311f4b39bad2a1f35c740c76f62ea71c6e010fb2283,"{""d"":5,""p"":0.003,""rounds"":5}",
      4400,         0,         0,    20.7,bposd,a7aa4615be3f2b481539401ad605f48e4732cfd3127e391afc9e04b5c3a53649,"{""d"":9,""p"":0.001,""rounds"":9}",
       245,         3,         0,   0.105,bplsd,948490da94008bd3bbc08311f4b39bad2a1f35c740c76f62ea71c6e010fb2283,"{""d"":5,""p"":0.003,""rounds"":5}",
       571,         0,         0,   0.205,bplsd,948490da94008bd3bbc08311f4b39bad2a1f35c740c76f62ea71c6e010fb2283,"{""d"":5,""p"":0.003,""rounds"":5}",
      1690,        10,         0,   0.605,bplsd,948490da94008bd3bbc08311f4b39bad2a1f35c740c76f62ea71c6e010fb2283,"{""d"":5,""p"":0.003,""rounds"":5}",
       155,         2,         0,   0.109,bplsd,948490da94008bd3bbc08311f4b39bad2a1f35c740c76f62ea71c6e010fb2283,"{""d"":5,""p"":0.003,""rounds"":5}",
       596,         5,         0,   0.218,bplsd,948490da94008bd3bbc08311f4b39bad2a1f35c740c76f62ea71c6e010fb2283,"{""d"":5,""p"":0.003,""rounds"":5}",
       100,         1,         0,   0.326,bposd,2ade9d8daba30a86b93fd4ba88d12fdceae161879ecddac2ccdda4f0de034575,"{""d"":7,""p"":0.003,""rounds"":7}",
      4200,        29,         0,    1.51,bplsd,948490da94008bd3bbc08311f4b39bad2a1f35c740c76f62ea71c6e010fb2283,"{""d"":5,""p"":0.003,""rounds"":5}",
       100,         0,         0,   0.408,belief_find,73fb9b8e29f3dc2f33b5b2f2a95315cf5749378e816f34e389c11169190bfee3,"{""d"":7,""p"":0.003,""rounds"":7}",
       100,         0,         0,   0.259,bplsd,f60815431e6e3eeac41c1dd019e247b9e25908c10b6e3e6847ff990d26fd0aab,"{""d"":7,""p"":0.003,""rounds"":7}",
      1745,        13,         0,   0.932,belief_find,1c5757a5030537229bbf1bcb5abad20e3bfbddec3ebdad0f7fffe62a6461ce23,"{""d"":5,""p"":0.003,""rounds"":5}",
      5400,        32,         0,    3.28,belief_find,1c5757a5030537229bbf1bcb5abad20e3bfbddec3ebdad0f7fffe62a6461ce23,"{""d"":5,""p"":0.003,""rounds"":5}",
      5400,        41,         0,    3.33,belief_find,1c5757a5030537229bbf1bcb5abad20e3bfbddec3ebdad0f7fffe62a6461ce23,"{""d"":5,""p"":0.003,""rounds"":5}",
       100,         0,         0,   0.500,bposd,2ade9d8daba30a86b93fd4ba88d12fdceae161879ecddac2ccdda4f0de034575,"{""d"":7,""p"":0.003,""rounds"":7}",
      5400,         0,         0,    12.8,bplsd,b75c6f6396c303e75b4e5113625bad117d8caaab169058ff471323856a05796c,"{""d"":9,""p"":0.001,""rounds"":9}",
       200,         0,         0,   0.671,bposd,2ade9d8daba30a86b93fd4ba88d12fdceae161879ecddac2ccdda4f0de034575,"{""d"":7,""p"":0.003,""rounds"":7}",
       200,         0,         0,   0.565,belief_find,73fb9b8e29f3dc2f33b5b2f2a95315cf5749378e816f34e389c11169190bfee3,"{""d"":7,""p"":0.003,""rounds"":7}",
       200,         0,         0,   0.340,bplsd,f60815431e6e3eeac41c1dd019e247b9e25908c10b6e3e6847ff990d26fd0aab,"{""d"":7,""p"":0.003,""rounds"":7}",
       200,         2,         0,   0.749,bposd,2ade9d8daba30a86b93fd4ba88d12fdceae161879ecddac2ccdda4f0de034575,"{""d"":7,""p"":0.003,""rounds"":7}",
       100,         0,         0,   0.391,belief_find,73fb9b8e29f3dc2f33b5b2f2a95315cf5749378e816f34e389c11169190bfee3,"{""d"":7,""p"":0.003,""rounds"":7}",
       200,         0,         0,   0.286,bplsd,f60815431e6e3eeac41c1dd019e247b9e25908c10b6e3e6847ff990d26fd0aab,"{""d"":7,""p"":0.003,""rounds"":7}",
       200,         0,         0,   0.630,belief_find,73fb9b8e29f3dc2f33b5b2f2a95315cf5749378e816f34e389c11169190bfee3,"{""d"":7,""p"":0.003,""rounds"":7}",
      4800,         0,         0,    22.7,bposd,a7aa4615be3f2b481539401ad605f48e4732cfd3127e391afc9e04b5c3a53649,"{""d"":9,""p"":0.001,""rounds"":9}",
       200,         1,         0,   0.639,bposd,2ade9d8daba30a86b93fd4ba88d12fdceae161879ecddac2ccdda4f0de034575,"{""d"":7,""p"":0.003,""rounds"":7}",
       400,         0,         0,    1.20,bposd,2ade9d8daba30a86b93fd4ba88d12fdceae161879ecddac2ccdda4f0de034575,"{""d"":7,""p"":0.003,""rounds"":7}",
       400,         0,         0,    1.26,bposd,2ade9d8daba30a86b93fd4ba88d12fdceae161879ecddac2ccdda4f0de034575,"{""d"":7,""p"":0.003,""rounds"":7}",
       400,         4,         0,    1.25,belief_find,73fb9b8e29f3dc2f33b5b2f2a95315cf5749378e816f34e389c11169190bfee3,"{""d"":7,""p"":0.003,""rounds"":7}",
       600,         3,         0,    1.98,belief_find,73fb9b8e29f3dc2f33b5b2f2a95315cf5749378e816f34e389c11169190bfee3,"{""d"":7,""p"":0.003,""rounds"":7}",
      1000,         6,         0,    1.61,bplsd,f60815431e6e3eeac41c1dd019e247b9e25908c10b6e3e6847ff990d26fd0aab,"{""d"":7,""p"":0.003,""rounds"":7}",
       800,         1,         0,    2.40,belief_find,73fb9b8e29f3dc2f33b5b2f2a95315cf5749378e816f34e389c11169190bfee3,"{""d"":7,""p"":0.003,""rounds"":7}",
       800,         2,         0,    2.57,bposd,2ade9d8daba30a86b93fd4ba88d12fdceae161879ecddac2ccdda4f0de034575,"{""d"":7,""p"":0.003,""rounds"":7}",
      1200,         6,         0,    3.62,bposd,2ade9d8daba30a86b93fd4ba88d12fdceae161879ecddac2ccdda4f0de034575,"{""d"":7,""p"":0.003,""rounds"":7}",
      1200,         5,         0,    3.79,belief_find,73fb9b8e29f3dc2f33b5b2f2a95315cf5749378e816f34e389c11169190bfee3,"{""d"":7,""p"":0.003,""rounds"":7}",
      1200,         2,         0,    3.66,bposd,2ade9d8daba30a86b93fd4ba88d12fdceae161879ecddac2ccdda4f0de034575,"{""d"":7,""p"":0.003,""rounds"":7}",
       800,         6,         0,    2.48,belief_find,73fb9b8e29f3dc2f33b5b2f2a95315cf5749378e816f34e389c11169190bfee3,"{""d"":7,""p"":0.003,""rounds"":7}",
      2000,        10,         0,    6.18,belief_find,73fb9b8e29f3dc2f33b5b2f2a95315cf5749378e816f34e389c11169190bfee3,"{""d"":7,""p"":0.003,""rounds"":7}",
      2400,         5,         0,    7.12,bposd,2ade9d8daba30a86b93fd4ba88d12fdceae161879ecddac2ccdda4f0de034575,"{""d"":7,""p"":0.003,""rounds"":7}",
      2400,         5,         0,    7.21,bposd,2ade9d8daba30a86b93fd4ba88d12fdceae161879ecddac2ccdda4f0de034575,"{""d"":7,""p"":0.003,""rounds"":7}",
      3000,        16,         0,    4.41,bplsd,f60815431e6e3eeac41c1dd019e247b9e25908c10b6e3e6847ff990d26fd0aab,"{""d"":7,""p"":0.003,""rounds"":7}",
      3000,         9,         0,    4.31,bplsd,f60815431e6e3eeac41c1dd019e247b9e25908c10b6e3e6847ff990d26fd0aab,"{""d"":7,""p"":0.003,""rounds"":7}",
       100,         0,         0,    1.13,bposd,92988a19b036274bc5ddd25ca94664acb578668f2740a26f13e273d87fd50d08,"{""d"":9,""p"":0.003,""rounds"":9}",
      1500,         7,         0,    2.13,bplsd,f60815431e6e3eeac41c1dd019e247b9e25908c10b6e3e6847ff990d26fd0aab,"{""d"":7,""p"":0.003,""rounds"":7}",
       100,         1,         0,    1.23,belief_find,f6e3eef02fb0802cdfe9b6eb430c7510e949ef4888b1dc8a5bc707a7c8c88878,"{""d"":9,""p"":0.003,""rounds"":9}",
       100,         0,         0,    1.05,bposd,92988a19b036274bc5ddd25ca94664acb578668f2740a26f13e273d87fd50d08,"{""d"":9,""p"":0.003,""rounds"":9}",
      3200,        23,         0,    9.11,belief_find,73fb9b8e29f3dc2f33b5b2f2a95315cf5749378e816f34e389c11169190bfee3,"{""d"":7,""p"":0.003,""rounds"":7}",
       200,         0,         0,    1.85,bposd,92988a19b036274bc5ddd25ca94664acb578668f2740a26f13e273d87fd50d08,"{""d"":9,""p"":0.003,""rounds"":9}",
       200,         0,         0,    1.78,bposd,92988a19b036274bc5ddd25ca94664acb578668f2740a26f13e273d87fd50d08,"{""d"":9,""p"":0.003,""rounds"":9}",
      2000,         9,         0,    2.81,bplsd,f60815431e6e3eeac41c1dd019e247b9e25908c10b6e3e6847ff990d26fd0aab,"{""d"":7,""p"":0.003,""rounds"":7}",
       200,         0,         0,    1.73,bposd,92988a19b036274bc5ddd25ca94664acb578668f2740a26f13e273d87fd50d08,"{""d"":9,""p"":0.003,""rounds"":9}",
       400,         0,         0,    3.19,bposd,92988a19b036274bc5ddd25ca94664acb578668f2740a26f13e273d87fd50d08,"{""d"":9,""p"":0.003,""rounds"":9}",
       400,         0,         0,    3.23,bposd,92988a19b036274bc5ddd25ca94664acb578668f2740a26f13e273d87fd50d08,"{""d"":9,""p"":0.003,""rounds"":9}",
      4800,        11,         0,    13.4,bposd,2ade9d8daba30a86b93fd4ba88d12fdceae161879ecddac2ccdda4f0de034575,"{""d"":7,""p"":0.003,""rounds"":7}",
      4800,        31,         0,    13.6,belief_find,73fb9b8e29f3dc2f33b5b2f2a95315cf5749378e816f34e389c11169190bfee3,"{""d"":7,""p"":0.003,""rounds"":7}",
       800,         0,         0,    6.31,bposd,92988a19b036274bc5ddd25ca94664acb578668f2740a26f13e273d87fd50d08,"{""d"":9,""p"":0.003,""rounds"":9}",
       200,         3,         0,    1.85,belief_find,f6e3eef02fb0802cdfe9b6eb430c7510e949ef4888b1dc8a5bc707a7c8c88878,"{""d"":9,""p"":0.003,""rounds"":9}",
       200,         0,         0,    1.81,belief_find,f6e3eef02fb0802cdfe9b6eb430c7510e949ef4888b1dc8a5bc707a7c8c88878,"{""d"":9,""p"":0.003,""rounds"":9}",
      5600,        20,         0,    15.1,bposd,2ade9d8daba30a86b93fd4ba88d12fdceae161879ecddac2ccdda4f0de034575,"{""d"":7,""p"":0.003,""rounds"":7}",
      5600,        28,         0,    15.4,belief_find,73fb9b8e29f3dc2f33b5b2f2a95315cf5749378e816f34e389c11169190bfee3,"{""d"":7,""p"":0.003,""rounds"":7}",
       100,         0,         0,   0.622,bplsd,31fb0858dfe959a1d4193225809c7277cd9e6736aba5ab5aa9c7515d29dbc652,"{""d"":9,""p"":0.003,""rounds"":9}",
      9000,        35,         0,    11.4,bplsd,f60815431e6e3eeac41c1dd019e247b9e25908c10b6e3e6847ff990d26fd0aab,"{""d"":7,""p"":0.003,""rounds"":7}",
      1200,         0,         0,    8.98,bposd,92988a19b036274bc5ddd25ca94664acb578668f2740a26f13e273d87fd50d08,"{""d"":9,""p"":0.003,""rounds"":9}",
       200,         1,         0,   0.846,bplsd,31fb0858dfe959a1d4193225809c7277cd9e6736aba5ab5aa9c7515d29dbc652,"{""d"":9,""p"":0.003,""rounds"":9}",
       200,         0,         0,    1.23,bplsd,31fb0858dfe959a1d4193225809c7277cd9e6736aba5ab5aa9c7515d29dbc652,"{""d"":9,""p"":0.003,""rounds"":9}",
      1200,         2,         0,    8.98,bposd,92988a19b036274bc5ddd25ca94664acb578668f2740a26f13e273d87fd50d08,"{""d"":9,""p"":0.003,""rounds"":9}",
       600,         3,         0,    4.93,belief_find,f6e3eef02fb0802cdfe9b6eb430c7510e949ef4888b1dc8a5bc707a7c8c88878,"{""d"":9,""p"":0.003,""rounds"":9}",
       600,         1,         0,    2.13,bplsd,31fb0858dfe959a1d4193225809c7277cd9e6736aba5ab5aa9c7515d29dbc652,"{""d"":9,""p"":0.003,""rounds"":9}",
      1000,         2,         0,    3.71,bplsd,31fb0858dfe959a1d4193225809c7277cd9e6736aba5ab5aa9c7515d29dbc652,"{""d"":9,""p"":0.003,""rounds"":9}",
       900,         1,         0,    3.52,bplsd,31fb0858dfe959a1d4193225809c7277cd9e6736aba5ab5aa9c7515d29dbc652,"{""d"":9,""p"":0.003,""rounds"":9}",
       900,         1,         0,    7.09,belief_find,f6e3eef02fb0802cdfe9b6eb430c7510e949ef4888b1dc8a5bc707a7c8c88878,"{""d"":9,""p"":0.003,""rounds"":9}",
      1000,         3,         0,    7.99,belief_find,f6e3eef02fb0802cdfe9b6eb430c7510e949ef4888b1dc8a5bc707a7c8c88878,"{""d"":9,""p"":0.003,""rounds"":9}",
      2400,         2,         0,    17.6,bposd,92988a19b036274bc5ddd25ca94664acb578668f2740a26f13e273d87fd50d08,"{""d"":9,""p"":0.003,""rounds"":9}",
      2400,         4,         0,    17.8,bposd,92988a19b036274bc5ddd25ca94664acb578668f2740a26f13e273d87fd50d08,"{""d"":9,""p"":0.003,""rounds"":9}",
      1400,        12,         0,    10.9,belief_find,f6e3eef02fb0802cdfe9b6eb430c7510e949ef4888b1dc8a5bc707a7c8c88878,"{""d"":9,""p"":0.003,""rounds"":9}",
      4200,         9,         0,    14.6,bplsd,31fb0858dfe959a1d4193225809c7277cd9e6736aba5ab5aa9c7515d29dbc652,"{""d"":9,""p"":0.003,""rounds"":9}",
      2200,        11,         0,    17.2,belief_find,f6e3eef02fb0802cdfe9b6eb430c7510e949ef4888b1dc8a5bc707a7c8c88878,"{""d"":9,""p"":0.003,""rounds"":9}",
       887,         4,         0,    7.18,belief_find,f6e3eef02fb0802cdfe9b6eb430c7510e949ef4888b1dc8a5bc707a7c8c88878,"{""d"":9,""p"":0.003,""rounds"":9}",
      1400,        10,         0,    11.1,belief_find,f6e3eef02fb0802cdfe9b6eb430c7510e949ef4888b1dc8a5bc707a7c8c88878,"{""d"":9,""p"":0.003,""rounds"":9}",
       100,         2,         0,   0.104,bposd,2167ca65e894a55566d979b99d3d74149cf1ee07a075da17bd3b5e4b2bb8c544,"{""d"":5,""p"":0.005,""rounds"":5}",
       200,         2,         0,   0.201,bposd,2167ca65e894a55566d979b99d3d74149cf1ee07a075da17bd3b5e4b2bb8c544,"{""d"":5,""p"":0.005,""rounds"":5}",
       600,         6,         0,   0.443,bposd,2167ca65e894a55566d979b99d3d74149cf1ee07a075da17bd3b5e4b2bb8c544,"{""d"":5,""p"":0.005,""rounds"":5}",
       350,         2,         0,    3.17,belief_find,f6e3eef02fb0802cdfe9b6eb430c7510e949ef4888b1dc8a5bc707a7c8c88878,"{""d"":9,""p"":0.003,""rounds"":9}",
       538,         3,         0,    4.87,belief_find,f6e3eef02fb0802cdfe9b6eb430c7510e949ef4888b1dc8a5bc707a7c8c88878,"{""d"":9,""p"":0.003,""rounds"":9}",
      1800,        26,         0,    1.59,bposd,2167ca65e894a55566d979b99d3d74149cf1ee07a075da17bd3b5e4b2bb8c544,"{""d"":5,""p"":0.005,""rounds"":5}",
       900,        17,         0,   0.702,bposd,2167ca65e894a55566d979b99d3d74149cf1ee07a075da17bd3b5e4b2bb8c544,"{""d"":5,""p"":0.005,""rounds"":5}",
       100,         4,         0,   0.093,belief_find,cbe1f8f1afa6a80b58ffa3f65a3300af2bf787f9424f9fb129de30e040e9204d,"{""d"":5,""p"":0.005,""rounds"":5}",
      1800,        29,         0,    1.54,bposd,2167ca65e894a55566d979b99d3d74149cf1ee07a075da17bd3b5e4b2bb8c544,"{""d"":5,""p"":0.005,""rounds"":5}",
       200,         5,         0,   0.204,belief_find,cbe1f8f1afa6a80b58ffa3f65a3300af2bf787f9424f9fb129de30e040e9204d,"{""d"":5,""p"":0.005,""rounds"":5}",
       200,         3,         0,   0.213,belief_find,cbe1f8f1afa6a80b58ffa3f65a3300af2bf787f9424f9fb129de30e040e9204d,"{""d"":5,""p"":0.005,""rounds"":5}",
       600,        12,         0,   0.486,belief_find,cbe1f8f1afa6a80b58ffa3f65a3300af2bf787f9424f9fb129de30e040e9204d,"{""d"":5,""p"":0.005,""rounds"":5}",
      6000,        12,         0,    21.1,bplsd,31fb0858dfe959a1d4193225809c7277cd9e6736aba5ab5aa9c7515d29dbc652,"{""d"":9,""p"":0.003,""rounds"":9}",
      2118,        27,         0,    1.47,bposd,2167ca65e894a55566d979b99d3d74149cf1ee07a075da17bd3b5e4b2bb8c544,"{""d"":5,""p"":0.005,""rounds"":5}",
       100,         1,         0,   0.076,bplsd,6403534ce255a958a223e4134ea8a3060870b862e9775a1f183e5756e1ee796c,"{""d"":5,""p"":0.005,""rounds"":5}",
       236,         3,         0,   0.242,belief_find,cbe1f8f1afa6a80b58ffa3f65a3300af2bf787f9424f9fb129de30e040e9204d,"{""d"":5,""p"":0.005,""rounds"":5}",
       200,         4,         0,   0.070,bplsd,6403534ce255a958a223e4134ea8a3060870b862e9775a1f183e5756e1ee796c,"{""d"":5,""p"":0.005,""rounds"":5}",
      1000,        24,         0,   0.787,belief_find,cbe1f8f1afa6a80b58ffa3f65a3300af2bf787f9424f9fb129de30e040e9204d,"{""d"":5,""p"":0.005,""rounds"":5}",
      2000,         3,         0,    7.39,bplsd,31fb0858dfe959a1d4193225809c7277cd9e6736aba5ab5aa9c7515d29dbc652,"{""d"":9,""p"":0.003,""rounds"":9}",
       600,        16,         0,   0.254,bplsd,6403534ce255a958a223e4134ea8a3060870b862e9775a1f183e5756e1ee796c,"{""d"":5,""p"":0.005,""rounds"":5}",
       382,         9,         0,   0.314,belief_find,cbe1f8f1afa6a80b58ffa3f65a3300af2bf787f9424f9fb129de30e040e9204d,"{""d"":5,""p"":0.005,""rounds"":5}",
       600,        17,         0,   0.233,bplsd,6403534ce255a958a223e4134ea8a3060870b862e9775a1f183e5756e1ee796c,"{""d"":5,""p"":0.005,""rounds"":5}",
       300,         5,         0,   0.124,bplsd,6403534ce255a958a223e4134ea8a3060870b862e9775a1f183e5756e1ee796c,"{""d"":5,""p"":0.005,""rounds"":5}",
       618,        17,         0,   0.209,bplsd,6403534ce255a958a223e4134ea8a3060870b862e9775a1f183e5756e1ee796c,"{""d"":5,""p"":0.005,""rounds"":5}",
       100,         1,         0,   0.437,bposd,32687c26b51d4eba5daf11f8b6de1df715afdfc954e0f7fc30d34dab946b9a3f,"{""d"":7,""p"":0.005,""rounds"":7}",
       100,         4,         0,   0.302,bplsd,aba8d5f40979d8f5919cf3875bb419a88081ee739e8c419c0101903558ea3e44,"{""d"":7,""p"":0.005,""rounds"":7}",
       100,         2,         0,   0.521,belief_find,3bf4d88d7244d9bcc941fc8d65937564c1bb7c925ac7d5cf566e19246465701f,"{""d"":7,""p"":0.005,""rounds"":7}",
      1800,        49,         0,   0.672,bplsd,6403534ce255a958a223e4134ea8a3060870b862e9775a1f183e5756e1ee796c,"{""d"":5,""p"":0.005,""rounds"":5}",
      2200,        69,         0,    1.67,belief_find,cbe1f8f1afa6a80b58ffa3f65a3300af2bf787f9424f9fb129de30e040e9204d,"{""d"":5,""p"":0.005,""rounds"":5}",
       100,         0,         0,   0.472,bposd,32687c26b51d4eba5daf11f8b6de1df715afdfc954e0f7fc30d34dab946b9a3f,"{""d"":7,""p"":0.005,""rounds"":7}",
       200,         4,         0,   0.676,bposd,32687c26b51d4eba5daf11f8b6de1df715afdfc954e0f7fc30d34dab946b9a3f,"{""d"":7,""p"":0.005,""rounds"":7}",
       200,         1,         0,   0.776,bposd,32687c26b51d4eba5daf11f8b6de1df715afdfc954e0f7fc30d34dab946b9a3f,"{""d"":7,""p"":0.005,""rounds"":7}",
       200,         6,         0,   0.823,belief_find,3bf4d88d7244d9bcc941fc8d65937564c1bb7c925ac7d5cf566e19246465701f,"{""d"":7,""p"":0.005,""rounds"":7}",
       200,         5,         0,   0.905,belief_find,3bf4d88d7244d9bcc941fc8d65937564c1bb7c925ac7d5cf566e19246465701f,"{""d"":7,""p"":0.005,""rounds"":7}",
       400,         9,         0,    1.30,bposd,32687c26b51d4eba5daf11f8b6de1df715afdfc954e0f7fc30d34dab946b9a3f,"{""d"":7,""p"":0.005,""rounds"":7}",
      4800,        19,         0,    17.4,bplsd,31fb0858dfe959a1d4193225809c7277cd9e6736aba5ab5aa9c7515d29dbc652,"{""d"":9,""p"":0.003,""rounds"":9}",
       600,        12,         0,    2.00,bposd,32687c26b51d4eba5daf11f8b6de1df715afdfc954e0f7fc30d34dab946b9a3f,"{""d"":7,""p"":0.005,""rounds"":7}",
       800,        10,         0,    2.58,bposd,32687c26b51d4eba5daf11f8b6de1df715afdfc954e0f7fc30d34dab946b9a3f,"{""d"":7,""p"":0.005,""rounds"":7}",
       400,         5,         0,    1.31,bposd,32687c26b51d4eba5daf11f8b6de1df715afdfc954e0f7fc30d34dab946b9a3f,"{""d"":7,""p"":0.005,""rounds"":7}",
      1200,        10,         0,    3.70,bposd,32687c26b51d4eba5daf11f8b6de1df715afdfc954e0f7fc30d34dab946b9a3f,"{""d"":7,""p"":0.005,""rounds"":7}",
       202,         2,         0,   0.691,bposd,32687c26b51d4eba5daf11f8b6de1df715afdfc954e0f7fc30d34dab946b9a3f,"{""d"":7,""p"":0.005,""rounds"":7}",
       507,         4,         0,    1.72,bposd,32687c26b51d4eba5daf11f8b6de1df715afdfc954e0f7fc30d34dab946b9a3f,"{""d"":7,""p"":0.005,""rounds"":7}",
        96,         0,         0,   0.422,bposd,32687c26b51d4eba5daf11f8b6de1df715afdfc954e0f7fc30d34dab946b9a3f,"{""d"":7,""p"":0.005,""rounds"":7}",
      4800,        11,         0,    35.3,bposd,92988a19b036274bc5ddd25ca94664acb578668f2740a26f13e273d87fd50d08,"{""d"":9,""p"":0.003,""rounds"":9}",
      1000,        26,         0,    3.99,belief_find,3bf4d88d7244d9bcc941fc8d65937564c1bb7c925ac7d5cf566e19246465701f,"{""d"":7,""p"":0.005,""rounds"":7}",
       168,         0,         0,   0.600,bposd,32687c26b51d4eba5daf11f8b6de1df715afdfc954e0f7fc30d34dab946b9a3f,"{""d"":7,""p"":0.005,""rounds"":7}",
       351,         4,         0,    1.20,bposd,32687c26b51d4eba5daf11f8b6de1df715afdfc954e0f7fc30d34dab946b9a3f,"{""d"":7,""p"":0.005,""rounds"":7}",
        22,         0,         0,   0.214,bposd,32687c26b51d4eba5daf11f8b6de1df715afdfc954e0f7fc30d34dab946b9a3f,"{""d"":7,""p"":0.005,""rounds"":7}",
        36,         0,         0,   0.231,bposd,32687c26b51d4eba5daf11f8b6de1df715afdfc954e0f7fc30d34dab946b9a3f,"{""d"":7,""p"":0.005,""rounds"":7}",
       293,         3,         0,    1.15,bposd,32687c26b51d4eba5daf11f8b6de1df715afdfc954e0f7fc30d34dab946b9a3f,"{""d"":7,""p"":0.005,""rounds"":7}",
        59,         1,         0,   0.363,bposd,32687c26b51d4eba5daf11f8b6de1df715afdfc954e0f7fc30d34dab946b9a3f,"{""d"":7,""p"":0.005,""rounds"":7}",
      1000,        32,         0,    4.12,belief_find,3bf4d88d7244d9bcc941fc8d65937564c1bb7c925ac7d5cf566e19246465701f,"{""d"":7,""p"":0.005,""rounds"":7}",
        57,         1,         0,   0.306,bposd,32687c26b51d4eba5daf11f8b6de1df715afdfc954e0f7fc30d34dab946b9a3f,"{""d"":7,""p"":0.005,""rounds"":7}",
       500,        16,         0,    2.24,belief_find,3bf4d88d7244d9bcc941fc8d65937564c1bb7c925ac7d5cf566e19246465701f,"{""d"":7,""p"":0.005,""rounds"":7}",
       100,         4,         0,   0.358,bplsd,aba8d5f40979d8f5919cf3875bb419a88081ee739e8c419c0101903558ea3e44,"{""d"":7,""p"":0.005,""rounds"":7}",
       200,         4,         0,   0.520,bplsd,aba8d5f40979d8f5919cf3875bb419a88081ee739e8c419c0101903558ea3e44,"{""d"":7,""p"":0.005,""rounds"":7}",
       200,         5,         0,   0.765,bplsd,aba8d5f40979d8f5919cf3875bb419a88081ee739e8c419c0101903558ea3e44,"{""d"":7,""p"":0.005,""rounds"":7}",
      1066,         5,         0,    3.62,bposd,32687c26b51d4eba5daf11f8b6de1df715afdfc954e0f7fc30d34dab946b9a3f,"{""d"":7,""p"":0.005,""rounds"":7}",
      2000,        28,         0,    6.24,bposd,32687c26b51d4eba5daf11f8b6de1df715afdfc954e0f7fc30d34dab946b9a3f,"{""d"":7,""p"":0.005,""rounds"":7}",
       400,        17,         0,    1.04,bplsd,aba8d5f40979d8f5919cf3875bb419a88081ee739e8c419c0101903558ea3e44,"{""d"":7,""p"":0.005,""rounds"":7}",
       100,         0,         0,    1.31,bposd,b265715279732a7732131d3c8332c0c062bb5419c215c7fd93abdcdd039ee904,"{""d"":9,""p"":0.005,""rounds"":9}",
       865,        19,         0,    3.80,belief_find,3bf4d88d7244d9bcc941fc8d65937564c1bb7c925ac7d5cf566e19246465701f,"{""d"":7,""p"":0.005,""rounds"":7}",
       439,        11,         0,    1.22,bplsd,aba8d5f40979d8f5919cf3875bb419a88081ee739e8c419c0101903558ea3e44,"{""d"":7,""p"":0.005,""rounds"":7}",
      4000,        25,         0,    31.9,belief_find,f6e3eef02fb0802cdfe9b6eb430c7510e949ef4888b1dc8a5bc707a7c8c88878,"{""d"":9,""p"":0.003,""rounds"":9}",
       800,        19,         0,    2.54,bplsd,aba8d5f40979d8f5919cf3875bb419a88081ee739e8c419c0101903558ea3e44,"{""d"":7,""p"":0.005,""rounds"":7}",
       100,         3,         0,    1.90,belief_find,91d48873c47ea346a3fbcae4fb6c395024980e5d0fefcfe332c3382431630d59,"{""d"":9,""p"":0.005,""rounds"":9}",
       110,         1,         0,   0.363,bplsd,aba8d5f40979d8f5919cf3875bb419a88081ee739e8c419c0101903558ea3e44,"{""d"":7,""p"":0.005,""rounds"":7}",
       100,         0,         0,    1.20,bposd,b265715279732a7732131d3c8332c0c062bb5419c215c7fd93abdcdd039ee904,"{""d"":9,""p"":0.005,""rounds"":9}",
       200,         3,         0,    1.97,bposd,b265715279732a7732131d3c8332c0c062bb5419c215c7fd93abdcdd039ee904,"{""d"":9,""p"":0.005,""rounds"":9}",
      1200,        26,         0,    3.12,bplsd,aba8d5f40979d8f5919cf3875bb419a88081ee739e8c419c0101903558ea3e44,"{""d"":7,""p"":0.005,""rounds"":7}",
       118,         1,         0,   0.399,bplsd,aba8d5f40979d8f5919cf3875bb419a88081ee739e8c419c0101903558ea3e44,"{""d"":7,""p"":0.005,""rounds"":7}",
       819,        14,         0,    2.99,bposd,32687c26b51d4eba5daf11f8b6de1df715afdfc954e0f7fc30d34dab946b9a3f,"{""d"":7,""p"":0.005,""rounds"":7}",
       200,         1,         0,    2.16,bposd,b265715279732a7732131d3c8332c0c062bb5419c215c7fd93abdcdd039ee904,"{""d"":9,""p"":0.005,""rounds"":9}",
        88,         1,         0,   0.363,bplsd,aba8d5f40979d8f5919cf3875bb419a88081ee739e8c419c0101903558ea3e44,"{""d"":7,""p"":0.005,""rounds"":7}",
        53,         1,         0,   0.318,bplsd,aba8d5f40979d8f5919cf3875bb419a88081ee739e8c419c0101903558ea3e44,"{""d"":7,""p"":0.005,""rounds"":7}",
       100,         5,         0,    1.55,bplsd,3efb8e26e06ef7662744bffcc03634bbffc5344645e8a40b1abecd4a0841755d,"{""d"":9,""p"":0.005,""rounds"":9}",
       307,         6,         0,   0.783,bplsd,aba8d5f40979d8f5919cf3875bb419a88081ee739e8c419c0101903558ea3e44,"{""d"":7,""p"":0.005,""rounds"":7}",
        14,         0,         0,   0.242,bplsd,aba8d5f40979d8f5919cf3875bb419a88081ee739e8c419c0101903558ea3e44,"{""d"":7,""p"":0.005,""rounds"":7}",
        68,         0,         0,   0.275,bplsd,aba8d5f40979d8f5919cf3875bb419a88081ee739e8c419c0101903558ea3e44,"{""d"":7,""p"":0.005,""rounds"":7}",
        14,         0,         0,   0.186,bplsd,aba8d5f40979d8f5919cf3875bb419a88081ee739e8c419c0101903558ea3e44,"{""d"":7,""p"":0.005,""rounds"":7}",
        14,         0,         0,   0.172,bplsd,aba8d5f40979d8f5919cf3875bb419a88081ee739e8c419c0101903558ea3e44,"{""d"":7,""p"":0.005,""rounds"":7}",
        70,         2,         0,   0.395,bplsd,aba8d5f40979d8f5919cf3875bb419a88081ee739e8c419c0101903558ea3e44,"{""d"":7,""p"":0.005,""rounds"":7}",
        14,         0,         0,   0.153,bplsd,aba8d5f40979d8f5919cf3875bb419a88081ee739e8c419c0101903558ea3e44,"{""d"":7,""p"":0.005,""rounds"":7}",
       200,         8,         0,    3.39,belief_find,91d48873c47ea346a3fbcae4fb6c395024980e5d0fefcfe332c3382431630d59,"{""d"":9,""p"":0.005,""rounds"":9}",
       100,         6,         0,    1.83,belief_find,91d48873c47ea346a3fbcae4fb6c395024980e5d0fefcfe332c3382431630d59,"{""d"":9,""p"":0.005,""rounds"":9}",
       400,         1,         0,    3.97,bposd,b265715279732a7732131d3c8332c0c062bb5419c215c7fd93abdcdd039ee904,"{""d"":9,""p"":0.005,""rounds"":9}",
       200,         1,         0,    2.16,bplsd,3efb8e26e06ef7662744bffcc03634bbffc5344645e8a40b1abecd4a0841755d,"{""d"":9,""p"":0.005,""rounds"":9}",
       200,         9,         0,    3.31,belief_find,91d48873c47ea346a3fbcae4fb6c395024980e5d0fefcfe332c3382431630d59,"{""d"":9,""p"":0.005,""rounds"":9}",
      5600,         7,         0,    42.6,bposd,92988a19b036274bc5ddd25ca94664acb578668f2740a26f13e273d87fd50d08,"{""d"":9,""p"":0.003,""rounds"":9}",
       600,         8,         0,    6.02,bposd,b265715279732a7732131d3c8332c0c062bb5419c215c7fd93abdcdd039ee904,"{""d"":9,""p"":0.005,""rounds"":9}",
       800,         3,         0,    7.89,bposd,b265715279732a7732131d3c8332c0c062bb5419c215c7fd93abdcdd039ee904,"{""d"":9,""p"":0.005,""rounds"":9}",
       400,         1,         0,    4.39,bposd,b265715279732a7732131d3c8332c0c062bb5419c215c7fd93abdcdd039ee904,"{""d"":9,""p"":0.005,""rounds"":9}",
       292,        16,         0,    5.52,belief_find,91d48873c47ea346a3fbcae4fb6c395024980e5d0fefcfe332c3382431630d59,"{""d"":9,""p"":0.005,""rounds"":9}",
      1200,        14,         0,    11.8,bposd,b265715279732a7732131d3c8332c0c062bb5419c215c7fd93abdcdd039ee904,"{""d"":9,""p"":0.005,""rounds"":9}",
       600,        13,         0,    8.05,bplsd,3efb8e26e06ef7662744bffcc03634bbffc5344645e8a40b1abecd4a0841755d,"{""d"":9,""p"":0.005,""rounds"":9}",
       600,        21,         0,    10.1,belief_find,91d48873c47ea346a3fbcae4fb6c395024980e5d0fefcfe332c3382431630d59,"{""d"":9,""p"":0.005,""rounds"":9}",
       110,         4,         0,    2.16,belief_find,91d48873c47ea346a3fbcae4fb6c395024980e5d0fefcfe332c3382431630d59,"{""d"":9,""p"":0.005,""rounds"":9}",
       300,         8,         0,    3.36,bplsd,3efb8e26e06ef7662744bffcc03634bbffc5344645e8a40b1abecd4a0841755d,"{""d"":9,""p"":0.005,""rounds"":9}",
        26,         0,         0,   0.623,belief_find,91d48873c47ea346a3fbcae4fb6c395024980e5d0fefcfe332c3382431630d59,"{""d"":9,""p"":0.005,""rounds"":9}",
       800,        33,         0,    13.2,belief_find,91d48873c47ea346a3fbcae4fb6c395024980e5d0fefcfe332c3382431630d59,"{""d"":9,""p"":0.005,""rounds"":9}",
        39,         0,         0,   0.752,belief_find,91d48873c47ea346a3fbcae4fb6c395024980e5d0fefcfe332c3382431630d59,"{""d"":9,""p"":0.005,""rounds"":9}",
       600,        20,         0,    7.10,bplsd,3efb8e26e06ef7662744bffcc03634bbffc5344645e8a40b1abecd4a0841755d,"{""d"":9,""p"":0.005,""rounds"":9}",
       100,         3,         0,   0.123,bposd,bed63f50f4d7ba8e0597e23b551b7d57494a852bbe36fcf19478e86249666ae2,"{""d"":5,""p"":0.007,""rounds"":5}",
        10,         0,         0,   0.407,belief_find,91d48873c47ea346a3fbcae4fb6c395024980e5d0fefcfe332c3382431630d59,"{""d"":9,""p"":0.005,""rounds"":9}",
       200,         6,         0,   0.218,bposd,bed63f50f4d7ba8e0597e23b551b7d57494a852bbe36fcf19478e86249666ae2,"{""d"":5,""p"":0.007,""rounds"":5}",
        11,         1,         0,   0.400,belief_find,91d48873c47ea346a3fbcae4fb6c395024980e5d0fefcfe332c3382431630d59,"{""d"":9,""p"":0.005,""rounds"":9}",
      6000,        34,         0,    50.1,belief_find,f6e3eef02fb0802cdfe9b6eb430c7510e949ef4888b1dc8a5bc707a7c8c88878,"{""d"":9,""p"":0.003,""rounds"":9}",
        39,         1,         0,   0.788,belief_find,91d48873c47ea346a3fbcae4fb6c395024980e5d0fefcfe332c3382431630d59,"{""d"":9,""p"":0.005,""rounds"":9}",
       600,        22,         0,   0.503,bposd,bed63f50f4d7ba8e0597e23b551b7d57494a852bbe36fcf19478e86249666ae2,"{""d"":5,""p"":0.007,""rounds"":5}",
       100,         4,         0,   0.148,belief_find,eb07130ce3cb5b71bcdf2de3d67e40477be50f4f4d337c26886ac6449ea4f635,"{""d"":5,""p"":0.007,""rounds"":5}",
       300,        19,         0,   0.283,bposd,bed63f50f4d7ba8e0597e23b551b7d57494a852bbe36fcf19478e86249666ae2,"{""d"":5,""p"":0.007,""rounds"":5}",
       200,         6,         0,   0.205,belief_find,eb07130ce3cb5b71bcdf2de3d67e40477be50f4f4d337c26886ac6449ea4f635,"{""d"":5,""p"":0.007,""rounds"":5}",
       600,        30,         0,   0.561,bposd,bed63f50f4d7ba8e0597e23b551b7d57494a852bbe36fcf19478e86249666ae2,"{""d"":5,""p"":0.007,""rounds"":5}",
       200,        14,         0,   0.223,belief_find,eb07130ce3cb5b71bcdf2de3d67e40477be50f4f4d337c26886ac6449ea4f635,"{""d"":5,""p"":0.007,""rounds"":5}",
       364,        17,         0,   0.483,belief_find,eb07130ce3cb5b71bcdf2de3d67e40477be50f4f4d337c26886ac6449ea4f635,"{""d"":5,""p"":0.007,""rounds"":5}",
        57,         4,         0,   0.118,belief_find,eb07130ce3cb5b71bcdf2de3d67e40477be50f4f4d337c26886ac6449ea4f635,"{""d"":5,""p"":0.007,""rounds"":5}",
       600,        29,         0,   0.731,belief_find,eb07130ce3cb5b71bcdf2de3d67e40477be50f4f4d337c26886ac6449ea4f635,"{""d"":5,""p"":0.007,""rounds"":5}",
      1100,        39,         0,    1.02,bposd,bed63f50f4d7ba8e0597e23b551b7d57494a852bbe36fcf19478e86249666ae2,"{""d"":5,""p"":0.007,""rounds"":5}",
       100,         2,         0,   0.082,bplsd,b14ed621e9c3bb1301636140c666e94026808754b4e4fa0e2b85504b29c0cbb6,"{""d"":5,""p"":0.007,""rounds"":5}",
       600,        30,         0,   0.735,belief_find,eb07130ce3cb5b71bcdf2de3d67e40477be50f4f4d337c26886ac6449ea4f635,"{""d"":5,""p"":0.007,""rounds"":5}",
       200,        14,         0,   0.160,bplsd,b14ed621e9c3bb1301636140c666e94026808754b4e4fa0e2b85504b29c0cbb6,"{""d"":5,""p"":0.007,""rounds"":5}",
       200,         5,         0,   0.157,bplsd,b14ed621e9c3bb1301636140c666e94026808754b4e4fa0e2b85504b29c0cbb6,"{""d"":5,""p"":0.007,""rounds"":5}",
       100,         4,         0,   0.498,bposd,734dddc5425841a2c8f167af36b2d427dcf29f3d659e1558ced5caef27f37333,"{""d"":7,""p"":0.007,""rounds"":7}",
       600,        27,         0,   0.363,bplsd,b14ed621e9c3bb1301636140c666e94026808754b4e4fa0e2b85504b29c0cbb6,"{""d"":5,""p"":0.007,""rounds"":5}",
       245,        10,         0,   0.116,bplsd,b14ed621e9c3bb1301636140c666e94026808754b4e4fa0e2b85504b29c0cbb6,"{""d"":5,""p"":0.007,""rounds"":5}",
         4,         0,         0,   0.028,bplsd,b14ed621e9c3bb1301636140c666e94026808754b4e4fa0e2b85504b29c0cbb6,"{""d"":5,""p"":0.007,""rounds"":5}",
       100,         3,         0,   0.669,belief_find,67fb5eb2a748ae75dfc579d14c198e78521548d400d275a622afc475ccc61ad0,"{""d"":7,""p"":0.007,""rounds"":7}",
      1000,        47,         0,   0.516,bplsd,b14ed621e9c3bb1301636140c666e94026808754b4e4fa0e2b85504b29c0cbb6,"{""d"":5,""p"":0.007,""rounds"":5}",
         7,         0,         0,   0.076,bplsd,b14ed621e9c3bb1301636140c666e94026808754b4e4fa0e2b85504b29c0cbb6,"{""d"":5,""p"":0.007,""rounds"":5}",
       100,         3,         0,   0.406,bposd,734dddc5425841a2c8f167af36b2d427dcf29f3d659e1558ced5caef27f37333,"{""d"":7,""p"":0.007,""rounds"":7}",
       200,        12,         0,   0.787,bposd,734dddc5425841a2c8f167af36b2d427dcf29f3d659e1558ced5caef27f37333,"{""d"":7,""p"":0.007,""rounds"":7}",
       200,        11,         0,   0.734,bposd,734dddc5425841a2c8f167af36b2d427dcf29f3d659e1558ced5caef27f37333,"{""d"":7,""p"":0.007,""rounds"":7}",
       200,        14,         0,    1.30,belief_find,67fb5eb2a748ae75dfc579d14c198e78521548d400d275a622afc475ccc61ad0,"{""d"":7,""p"":0.007,""rounds"":7}",
       196,         5,         0,   0.781,bposd,734dddc5425841a2c8f167af36b2d427dcf29f3d659e1558ced5caef27f37333,"{""d"":7,""p"":0.007,""rounds"":7}",
       400,        20,         0,    1.41,bposd,734dddc5425841a2c8f167af36b2d427dcf29f3d659e1558ced5caef27f37333,"{""d"":7,""p"":0.007,""rounds"":7}",
       284,         9,         0,    1.09,bposd,734dddc5425841a2c8f167af36b2d427dcf29f3d659e1558ced5caef27f37333,"{""d"":7,""p"":0.007,""rounds"":7}",
      2000,        24,         0,    18.5,bposd,b265715279732a7732131d3c8332c0c062bb5419c215c7fd93abdcdd039ee904,"{""d"":9,""p"":0.005,""rounds"":9}",
        66,         2,         0,   0.310,bposd,734dddc5425841a2c8f167af36b2d427dcf29f3d659e1558ced5caef27f37333,"{""d"":7,""p"":0.007,""rounds"":7}",
        32,         2,         0,   0.267,bposd,734dddc5425841a2c8f167af36b2d427dcf29f3d659e1558ced5caef27f37333,"{""d"":7,""p"":0.007,""rounds"":7}",
       800,        34,         0,    2.72,bposd,734dddc5425841a2c8f167af36b2d427dcf29f3d659e1558ced5caef27f37333,"{""d"":7,""p"":0.007,""rounds"":7}",
       100,         9,         0,   0.570,bplsd,9c33313500c8938538e21d8fb78b51c0cb70eda9bb6a87dd111f17409b9703b0,"{""d"":7,""p"":0.007,""rounds"":7}",
       222,        13,         0,    1.34,belief_find,67fb5eb2a748ae75dfc579d14c198e78521548d400d275a622afc475ccc61ad0,"{""d"":7,""p"":0.007,""rounds"":7}",
        15,         0,         0,   0.202,belief_find,67fb5eb2a748ae75dfc579d14c198e78521548d400d275a622afc475ccc61ad0,"{""d"":7,""p"":0.007,""rounds"":7}",
       100,         4,         0,    1.08,bposd,67e16e633865eded239743cf0c12b6abb373dfc8baa6661cfbaf9c36934e72ef,"{""d"":9,""p"":0.007,""rounds"":9}",
        50,         2,         0,   0.431,belief_find,67fb5eb2a748ae75dfc579d14c198e78521548d400d275a622afc475ccc61ad0,"{""d"":7,""p"":0.007,""rounds"":7}",
       600,        39,         0,    3.50,belief_find,67fb5eb2a748ae75dfc579d14c198e78521548d400d275a622afc475ccc61ad0,"{""d"":7,""p"":0.007,""rounds"":7}",
       200,        11,         0,    1.11,bplsd,9c33313500c8938538e21d8fb78b51c0cb70eda9bb6a87dd111f17409b9703b0,"{""d"":7,""p"":0.007,""rounds"":7}",
        48,         3,         0,   0.358,belief_find,67fb5eb2a748ae75dfc579d14c198e78521548d400d275a622afc475ccc61ad0,"{""d"":7,""p"":0.007,""rounds"":7}",
       100,        10,         0,   0.446,bplsd,9c33313500c8938538e21d8fb78b51c0cb70eda9bb6a87dd111f17409b9703b0,"{""d"":7,""p"":0.007,""rounds"":7}",
       200,        13,         0,   0.860,bplsd,9c33313500c8938538e21d8fb78b51c0cb70eda9bb6a87dd111f17409b9703b0,"{""d"":7,""p"":0.007,""rounds"":7}",
       600,        42,         0,    3.56,belief_find,67fb5eb2a748ae75dfc579d14c198e78521548d400d275a622afc475ccc61ad0,"{""d"":7,""p"":0.007,""rounds"":7}",
       276,        16,         0,    1.05,bplsd,9c33313500c8938538e21d8fb78b51c0cb70eda9bb6a87dd111f17409b9703b0,"{""d"":7,""p"":0.007,""rounds"":7}",
      2027,        21,         0,    17.7,bposd,b265715279732a7732131d3c8332c0c062bb5419c215c7fd93abdcdd039ee904,"{""d"":9,""p"":0.005,""rounds"":9}",
        29,         4,         0,   0.229,bplsd,9c33313500c8938538e21d8fb78b51c0cb70eda9bb6a87dd111f17409b9703b0,"{""d"":7,""p"":0.007,""rounds"":7}",
       100,         2,         0,    1.14,bposd,67e16e633865eded239743cf0c12b6abb373dfc8baa6661cfbaf9c36934e72ef,"{""d"":9,""p"":0.007,""rounds"":9}",
       817,        18,         0,    10.8,bplsd,3efb8e26e06ef7662744bffcc03634bbffc5344645e8a40b1abecd4a0841755d,"{""d"":9,""p"":0.005,""rounds"":9}",
       200,        13,         0,    1.98,bposd,67e16e633865eded239743cf0c12b6abb373dfc8baa6661cfbaf9c36934e72ef,"{""d"":9,""p"":0.007,""rounds"":9}",
       200,         7,         0,    1.95,bposd,67e16e633865eded239743cf0c12b6abb373dfc8baa6661cfbaf9c36934e72ef,"{""d"":9,""p"":0.007,""rounds"":9}",
       600,        48,         0,    2.57,bplsd,9c33313500c8938538e21d8fb78b51c0cb70eda9bb6a87dd111f17409b9703b0,"{""d"":7,""p"":0.007,""rounds"":7}",
       100,         6,         0,   0.107,bposd,3f20e95edaf2a47925d135cb521ef2af88e5f44b572ebc573668f77bbfecf5f7,"{""d"":5,""p"":0.009000000000000001,""rounds"":5}",
       200,        18,         0,   0.218,bposd,3f20e95edaf2a47925d135cb521ef2af88e5f44b572ebc573668f77bbfecf5f7,"{""d"":5,""p"":0.009000000000000001,""rounds"":5}",
       600,        35,         0,   0.562,bposd,3f20e95edaf2a47925d135cb521ef2af88e5f44b572ebc573668f77bbfecf5f7,"{""d"":5,""p"":0.009000000000000001,""rounds"":5}",
       100,        10,         0,    2.45,bplsd,d40b0571a9b8bce21bc866d8d5fcbd18f7386531295bce4059aaae9c8972678e,"{""d"":9,""p"":0.007,""rounds"":9}",
       200,        12,         0,    1.91,bposd,67e16e633865eded239743cf0c12b6abb373dfc8baa6661cfbaf9c36934e72ef,"{""d"":9,""p"":0.007,""rounds"":9}",
       100,        10,         0,    2.54,belief_find,c6837da57704b033e10f01c530517e6ed30bf74f6962ff11683a328fa6f44890,"{""d"":9,""p"":0.007,""rounds"":9}",
       646,        42,         0,   0.590,bposd,3f20e95edaf2a47925d135cb521ef2af88e5f44b572ebc573668f77bbfecf5f7,"{""d"":5,""p"":0.009000000000000001,""rounds"":5}",
       292,        15,         0,    2.70,bposd,67e16e633865eded239743cf0c12b6abb373dfc8baa6661cfbaf9c36934e72ef,"{""d"":9,""p"":0.007,""rounds"":9}",
       400,        13,         0,    3.55,bposd,67e16e633865eded239743cf0c12b6abb373dfc8baa6661cfbaf9c36934e72ef,"{""d"":9,""p"":0.007,""rounds"":9}",
         3,         0,         0,   0.298,bposd,67e16e633865eded239743cf0c12b6abb373dfc8baa6661cfbaf9c36934e72ef,"{""d"":9,""p"":0.007,""rounds"":9}",
         4,         0,         0,   0.309,bposd,67e16e633865eded239743cf0c12b6abb373dfc8baa6661cfbaf9c36934e72ef,"{""d"":9,""p"":0.007,""rounds"":9}",
         6,         0,         0,   0.365,bposd,67e16e633865eded239743cf0c12b6abb373dfc8baa6661cfbaf9c36934e72ef,"{""d"":9,""p"":0.007,""rounds"":9}",
        10,         1,         0,   0.375,bposd,67e16e633865eded239743cf0c12b6abb373dfc8baa6661cfbaf9c36934e72ef,"{""d"":9,""p"":0.007,""rounds"":9}",
       100,        17,         0,    2.52,belief_find,c6837da57704b033e10f01c530517e6ed30bf74f6962ff11683a328fa6f44890,"{""d"":9,""p"":0.007,""rounds"":9}",
      1800,        53,         0,    19.7,bplsd,3efb8e26e06ef7662744bffcc03634bbffc5344645e8a40b1abecd4a0841755d,"{""d"":9,""p"":0.005,""rounds"":9}",
       100,         7,         0,   0.110,belief_find,cfb0d0fcb1485b110b6711cdc05444de3a9c8446dd1450006446761cb11a1028,"{""d"":5,""p"":0.009000000000000001,""rounds"":5}",
       200,        12,         0,   0.308,belief_find,cfb0d0fcb1485b110b6711cdc05444de3a9c8446dd1450006446761cb11a1028,"{""d"":5,""p"":0.009000000000000001,""rounds"":5}",
       200,        18,         0,    4.84,belief_find,c6837da57704b033e10f01c530517e6ed30bf74f6962ff11683a328fa6f44890,"{""d"":9,""p"":0.007,""rounds"":9}",
       200,        17,         0,    4.91,belief_find,c6837da57704b033e10f01c530517e6ed30bf74f6962ff11683a328fa6f44890,"{""d"":9,""p"":0.007,""rounds"":9}",
       600,        52,         0,   0.814,belief_find,cfb0d0fcb1485b110b6711cdc05444de3a9c8446dd1450006446761cb11a1028,"{""d"":5,""p"":0.009000000000000001,""rounds"":5}",
       800,        38,         0,    6.93,bposd,67e16e633865eded239743cf0c12b6abb373dfc8baa6661cfbaf9c36934e72ef,"{""d"":9,""p"":0.007,""rounds"":9}",
       100,         5,         0,   0.063,bplsd,f2eb9ad97c60e30386b2e2b3dda76c245e32b5138e5135f175754195c7bfa5c0,"{""d"":5,""p"":0.009000000000000001,""rounds"":5}",
       200,        11,         0,   0.192,bplsd,f2eb9ad97c60e30386b2e2b3dda76c245e32b5138e5135f175754195c7bfa5c0,"{""d"":5,""p"":0.009000000000000001,""rounds"":5}",
      3200,        35,         0,    27.8,bposd,b265715279732a7732131d3c8332c0c062bb5419c215c7fd93abdcdd039ee904,"{""d"":9,""p"":0.005,""rounds"":9}",
       388,        42,         0,   0.512,belief_find,cfb0d0fcb1485b110b6711cdc05444de3a9c8446dd1450006446761cb11a1028,"{""d"":5,""p"":0.009000000000000001,""rounds"":5}",
       300,        34,         0,   0.184,bplsd,f2eb9ad97c60e30386b2e2b3dda76c245e32b5138e5135f175754195c7bfa5c0,"{""d"":5,""p"":0.009000000000000001,""rounds"":5}",
       600,        51,         0,   0.348,bplsd,f2eb9ad97c60e30386b2e2b3dda76c245e32b5138e5135f175754195c7bfa5c0,"{""d"":5,""p"":0.009000000000000001,""rounds"":5}",
       200,        13,         0,    6.01,bplsd,d40b0571a9b8bce21bc866d8d5fcbd18f7386531295bce4059aaae9c8972678e,"{""d"":9,""p"":0.007,""rounds"":9}",
       600,        57,         0,   0.413,bplsd,f2eb9ad97c60e30386b2e2b3dda76c245e32b5138e5135f175754195c7bfa5c0,"{""d"":5,""p"":0.009000000000000001,""rounds"":5}",
       200,        19,         0,    6.34,bplsd,d40b0571a9b8bce21bc866d8d5fcbd18f7386531295bce4059aaae9c8972678e,"{""d"":9,""p"":0.007,""rounds"":9}",
       100,        13,         0,   0.463,bposd,27c988a457e547e6865d65103af65353ced739851a4b36947fa59744f1b70b35,"{""d"":7,""p"":0.009000000000000001,""rounds"":7}",
       100,        18,         0,   0.884,belief_find,6bab7c20c5ac19b7668a69d882a18494225191102316125848c8926ca7869219,"{""d"":7,""p"":0.009000000000000001,""rounds"":7}",
       139,         7,         0,    3.28,belief_find,c6837da57704b033e10f01c530517e6ed30bf74f6962ff11683a328fa6f44890,"{""d"":9,""p"":0.007,""rounds"":9}",
        85,         7,         0,    2.11,belief_find,c6837da57704b033e10f01c530517e6ed30bf74f6962ff11683a328fa6f44890,"{""d"":9,""p"":0.007,""rounds"":9}",
       100,        14,         0,   0.741,bplsd,0d8527adb98215888bd468fd22fe6a7479ec9d9af8ea44c1b4883baabee2d6f3,"{""d"":7,""p"":0.009000000000000001,""rounds"":7}",
       100,         5,         0,    4.64,bplsd,d40b0571a9b8bce21bc866d8d5fcbd18f7386531295bce4059aaae9c8972678e,"{""d"":9,""p"":0.007,""rounds"":9}",
       200,        22,         0,   0.811,bposd,27c988a457e547e6865d65103af65353ced739851a4b36947fa59744f1b70b35,"{""d"":7,""p"":0.009000000000000001,""rounds"":7}",
       100,        10,         0,   0.431,bposd,27c988a457e547e6865d65103af65353ced739851a4b36947fa59744f1b70b35,"{""d"":7,""p"":0.009000000000000001,""rounds"":7}",
        15,         4,         0,   0.572,belief_find,c6837da57704b033e10f01c530517e6ed30bf74f6962ff11683a328fa6f44890,"{""d"":9,""p"":0.007,""rounds"":9}",
       200,        25,         0,   0.812,bposd,27c988a457e547e6865d65103af65353ced739851a4b36947fa59744f1b70b35,"{""d"":7,""p"":0.009000000000000001,""rounds"":7}",
        36,         3,         0,   0.239,bposd,27c988a457e547e6865d65103af65353ced739851a4b36947fa59744f1b70b35,"{""d"":7,""p"":0.009000000000000001,""rounds"":7}",
        47,         5,         0,   0.424,belief_find,6bab7c20c5ac19b7668a69d882a18494225191102316125848c8926ca7869219,"{""d"":7,""p"":0.009000000000000001,""rounds"":7}",
       261,        34,         0,   0.992,bposd,27c988a457e547e6865d65103af65353ced739851a4b36947fa59744f1b70b35,"{""d"":7,""p"":0.009000000000000001,""rounds"":7}",
       158,        20,         0,    3.70,belief_find,c6837da57704b033e10f01c530517e6ed30bf74f6962ff11683a328fa6f44890,"{""d"":9,""p"":0.007,""rounds"":9}",
       200,        32,         0,    1.58,belief_find,6bab7c20c5ac19b7668a69d882a18494225191102316125848c8926ca7869219,"{""d"":7,""p"":0.009000000000000001,""rounds"":7}",
        88,        15,         0,   0.757,belief_find,6bab7c20c5ac19b7668a69d882a18494225191102316125848c8926ca7869219,"{""d"":7,""p"":0.009000000000000001,""rounds"":7}",
         5,         1,         0,   0.176,belief_find,6bab7c20c5ac19b7668a69d882a18494225191102316125848c8926ca7869219,"{""d"":7,""p"":0.009000000000000001,""rounds"":7}",
       200,        34,         0,    1.53,belief_find,6bab7c20c5ac19b7668a69d882a18494225191102316125848c8926ca7869219,"{""d"":7,""p"":0.009000000000000001,""rounds"":7}",
        91,        11,         0,    3.31,bplsd,d40b0571a9b8bce21bc866d8d5fcbd18f7386531295bce4059aaae9c8972678e,"{""d"":9,""p"":0.007,""rounds"":9}",
       200,        25,         0,    1.53,bplsd,0d8527adb98215888bd468fd22fe6a7479ec9d9af8ea44c1b4883baabee2d6f3,"{""d"":7,""p"":0.009000000000000001,""rounds"":7}",
       100,        20,         0,   0.872,bplsd,0d8527adb98215888bd468fd22fe6a7479ec9d9af8ea44c1b4883baabee2d6f3,"{""d"":7,""p"":0.009000000000000001,""rounds"":7}",
       200,        25,         0,    1.28,bplsd,0d8527adb98215888bd468fd22fe6a7479ec9d9af8ea44c1b4883baabee2d6f3,"{""d"":7,""p"":0.009000000000000001,""rounds"":7}",
       106,         9,         0,    2.65,belief_find,c6837da57704b033e10f01c530517e6ed30bf74f6962ff11683a328fa6f44890,"{""d"":9,""p"":0.007,""rounds"":9}",
       100,        13,         0,   0.944,bposd,4037ce31d75ec9e31fab94344cdcf95e95f5a97bd667f871d0f036916a7b3b28,"{""d"":9,""p"":0.009000000000000001,""rounds"":9}",
       175,        16,         0,   0.852,bplsd,0d8527adb98215888bd468fd22fe6a7479ec9d9af8ea44c1b4883baabee2d6f3,"{""d"":7,""p"":0.009000000000000001,""rounds"":7}",
       100,        14,         0,   0.854,bposd,4037ce31d75ec9e31fab94344cdcf95e95f5a97bd667f871d0f036916a7b3b28,"{""d"":9,""p"":0.009000000000000001,""rounds"":9}",
       200,        19,         0,    1.45,bposd,4037ce31d75ec9e31fab94344cdcf95e95f5a97bd667f871d0f036916a7b3b28,"{""d"":9,""p"":0.009000000000000001,""rounds"":9}",
       200,        21,         0,    1.50,bposd,4037ce31d75ec9e31fab94344cdcf95e95f5a97bd667f871d0f036916a7b3b28,"{""d"":9,""p"":0.009000000000000001,""rounds"":9}",
       100,        23,         0,    2.77,belief_find,4c6b04d440614b8336cdfe3241c2118cdebdd2e51ab4cd69a3b6a24dee2825a3,"{""d"":9,""p"":0.009000000000000001,""rounds"":9}",
        32,         3,         0,   0.409,bposd,4037ce31d75ec9e31fab94344cdcf95e95f5a97bd667f871d0f036916a7b3b28,"{""d"":9,""p"":0.009000000000000001,""rounds"":9}",
       139,        16,         0,    1.09,bposd,4037ce31d75ec9e31fab94344cdcf95e95f5a97bd667f871d0f036916a7b3b28,"{""d"":9,""p"":0.009000000000000001,""rounds"":9}",
         8,         1,         0,   0.250,bposd,4037ce31d75ec9e31fab94344cdcf95e95f5a97bd667f871d0f036916a7b3b28,"{""d"":9,""p"":0.009000000000000001,""rounds"":9}",
       139,        19,         0,    1.06,bposd,4037ce31d75ec9e31fab94344cdcf95e95f5a97bd667f871d0f036916a7b3b28,"{""d"":9,""p"":0.009000000000000001,""rounds"":9}",
       100,        23,         0,    4.33,bplsd,263dc482a2ed49f0cb96e92b5af3e1b9f02aaead3e33f2725d36e721ba5d8e65,"{""d"":9,""p"":0.009000000000000001,""rounds"":9}",
       133,        29,         0,    3.12,belief_find,4c6b04d440614b8336cdfe3241c2118cdebdd2e51ab4cd69a3b6a24dee2825a3,"{""d"":9,""p"":0.009000000000000001,""rounds"":9}",
        21,         2,         0,   0.599,belief_find,4c6b04d440614b8336cdfe3241c2118cdebdd2e51ab4cd69a3b6a24dee2825a3,"{""d"":9,""p"":0.009000000000000001,""rounds"":9}",
        23,         3,         0,   0.638,belief_find,4c6b04d440614b8336cdfe3241c2118cdebdd2e51ab4cd69a3b6a24dee2825a3,"{""d"":9,""p"":0.009000000000000001,""rounds"":9}",
      4800,        49,         0,    36.9,bposd,b265715279732a7732131d3c8332c0c062bb5419c215c7fd93abdcdd039ee904,"{""d"":9,""p"":0.005,""rounds"":9}",
       200,        38,         0,    4.53,belief_find,4c6b04d440614b8336cdfe3241c2118cdebdd2e51ab4cd69a3b6a24dee2825a3,"{""d"":9,""p"":0.009000000000000001,""rounds"":9}",
        16,         4,         0,   0.564,belief_find,4c6b04d440614b8336cdfe3241c2118cdebdd2e51ab4cd69a3b6a24dee2825a3,"{""d"":9,""p"":0.009000000000000001,""rounds"":9}",
        19,         4,         0,   0.592,belief_find,4c6b04d440614b8336cdfe3241c2118cdebdd2e51ab4cd69a3b6a24dee2825a3,"{""d"":9,""p"":0.009000000000000001,""rounds"":9}",
       600,        53,         0,    12.9,bplsd,d40b0571a9b8bce21bc866d8d5fcbd18f7386531295bce4059aaae9c8972678e,"{""d"":9,""p"":0.007,""rounds"":9}",
       133,        28,         0,    7.40,bplsd,263dc482a2ed49f0cb96e92b5af3e1b9f02aaead3e33f2725d36e721ba5d8e65,"{""d"":9,""p"":0.009000000000000001,""rounds"":9}",
       200,        47,         0,    8.62,bplsd,263dc482a2ed49f0cb96e92b5af3e1b9f02aaead3e33f2725d36e721ba5d8e65,"{""d"":9,""p"":0.009000000000000001,""rounds"":9}",
        30,         8,         0,    1.46,bplsd,263dc482a2ed49f0cb96e92b5af3e1b9f02aaead3e33f2725d36e721ba5d8e65,"{""d"":9,""p"":0.009000000000000001,""rounds"":9}",
